Model,Accuracy,Loss
RNN,0.4964999854564667,1.6574491262435913
LSTM,0.8999999761581421,0.40429484844207764
glove-twitter-25,0.7459999918937683,0.6802605390548706
glove-twitter-50,0.8889999985694885,0.3310096561908722
glove-twitter-100,0.921500027179718,0.22603124380111694
glove-twitter-200,0.9284999966621399,0.1905623972415924
