{"accuracy": [0.32587501406669617, 0.35374999046325684, 0.3921875059604645, 0.4258125126361847, 0.45387500524520874, 0.45212501287460327, 0.5011249780654907, 0.546500027179718, 0.5889999866485596, 0.6067500114440918, 0.6274999976158142, 0.6623749732971191, 0.7020624876022339, 0.7334374785423279, 0.7406250238418579, 0.6761875152587891, 0.7457500100135803, 0.6692500114440918, 0.7880625128746033, 0.8065000176429749], "loss": [1.5833425521850586, 1.5584584474563599, 1.524006724357605, 1.4728901386260986, 1.418889045715332, 1.4381217956542969, 1.3478801250457764, 1.2556078433990479, 1.1708824634552002, 1.1239862442016602, 1.0884065628051758, 1.0072951316833496, 0.90714031457901, 0.8322981595993042, 0.8192794322967529, 0.9594660401344299, 0.7882306575775146, 0.9779626131057739, 0.6810235977172852, 0.6317956447601318], "val_accuracy": [0.351500004529953, 0.3499999940395355, 0.35600000619888306, 0.2554999887943268, 0.3605000078678131, 0.4124999940395355, 0.47200000286102295, 0.4129999876022339, 0.4580000042915344, 0.4925000071525574, 0.43849998712539673, 0.4514999985694885, 0.48100000619888306, 0.49950000643730164, 0.5074999928474426, 0.47200000286102295, 0.4684999883174896, 0.46799999475479126, 0.4724999964237213, 0.4894999861717224], "val_loss": [1.5872917175292969, 1.6009080410003662, 1.6271904706954956, 1.7678970098495483, 1.6222025156021118, 1.561489462852478, 1.4437870979309082, 1.5664039850234985, 1.5247939825057983, 1.4666918516159058, 1.6534208059310913, 1.604361653327942, 1.5762265920639038, 1.5711467266082764, 1.65174400806427, 1.659818172454834, 1.5928114652633667, 1.5917682647705078, 1.6529916524887085, 1.669278621673584]}