{"accuracy": [0.32256248593330383, 0.37537500262260437, 0.4948750138282776, 0.554437518119812, 0.5746874809265137, 0.6065000295639038, 0.6294375061988831, 0.6773750185966492, 0.6973749995231628, 0.7318124771118164, 0.7394375205039978, 0.7599999904632568, 0.6860625147819519, 0.7164375185966492, 0.7921249866485596, 0.8208125233650208, 0.8465625047683716, 0.8588749766349792, 0.8542500138282776, 0.6947500109672546], "loss": [1.5855618715286255, 1.545493245124817, 1.3837436437606812, 1.2438658475875854, 1.1804230213165283, 1.097567081451416, 1.050878882408142, 0.9200862050056458, 0.8683693408966064, 0.7841666340827942, 0.76173996925354, 0.7055546641349792, 0.9270804524421692, 0.842163622379303, 0.6191625595092773, 0.5601425170898438, 0.48368558287620544, 0.4649796783924103, 0.4683356285095215, 0.8809677958488464], "val_accuracy": [0.351500004529953, 0.46549999713897705, 0.4959999918937683, 0.4970000088214874, 0.5099999904632568, 0.5730000138282776, 0.5640000104904175, 0.40149998664855957, 0.5770000219345093, 0.4194999933242798, 0.5799999833106995, 0.5414999723434448, 0.40450000762939453, 0.5199999809265137, 0.5565000176429749, 0.5134999752044678, 0.453000009059906, 0.503000020980835, 0.5864999890327454, 0.5429999828338623], "val_loss": [1.5886797904968262, 1.50071120262146, 1.4361240863800049, 1.5069853067398071, 1.358696460723877, 1.208986759185791, 1.3099302053451538, 1.8143173456192017, 1.216708779335022, 1.8302655220031738, 1.2214272022247314, 1.4390406608581543, 2.10141921043396, 1.3919227123260498, 1.430461049079895, 1.5162476301193237, 1.9674100875854492, 1.7655476331710815, 1.3525216579437256, 1.638109564781189]}