{"loss": [1.8255059719085693, 1.8247610330581665, 1.828625202178955], "accuracy": [0.27037501335144043, 0.2669374942779541, 0.26743748784065247], "val_loss": [1.7584633827209473, 1.7584633827209473, 1.7584633827209473], "val_accuracy": [0.3075000047683716, 0.3075000047683716, 0.3075000047683716]}